{"cameraMode":{"drawMode":0,"name":"Shaded","section":"Shading Mode"},"sceneLighting":false,"audioPlay":false,"sceneViewState":{"showFog":true,"showMaterialUpdate":false,"showSkybox":false,"showFlares":true,"showImageEffects":true,"showParticleSystems":true},"in2DMode":false,"pivot":{"x":-0.010854784399271012,"y":1.9389089345932007,"z":-6.956054210662842},"rotation":{"x":0.005016861949115992,"y":0.9423679709434509,"z":-0.014151028357446194,"w":0.33424142003059389},"size":7.783123016357422,"orthographic":false}