{"cameraMode":{"drawMode":0,"name":"Shaded","section":"Shading Mode"},"sceneLighting":false,"audioPlay":false,"sceneViewState":{"showFog":true,"showMaterialUpdate":false,"showSkybox":false,"showFlares":true,"showImageEffects":true,"showParticleSystems":true},"in2DMode":false,"pivot":{"x":-21.935659408569337,"y":1.9572043418884278,"z":-0.5832898616790772},"rotation":{"x":-0.037472326308488849,"y":0.029372699558734895,"z":0.0011008267756551505,"w":0.9988653063774109},"size":8.66739559173584,"orthographic":false}