{"cameraMode":{"drawMode":0,"name":"Shaded","section":"Shading Mode"},"sceneLighting":false,"audioPlay":false,"sceneViewState":{"showFog":true,"showMaterialUpdate":false,"showSkybox":false,"showFlares":true,"showImageEffects":true,"showParticleSystems":true},"in2DMode":false,"pivot":{"x":280.295654296875,"y":355.9254150390625,"z":2.89404296875},"rotation":{"x":-0.14568902552127839,"y":0.17147977650165559,"z":0.02564724162220955,"w":0.9740183353424072},"size":803.6117553710938,"orthographic":false}