{"cameraMode":{"drawMode":0,"name":"Shaded","section":"Shading Mode"},"sceneLighting":true,"audioPlay":false,"sceneViewState":{"showFog":true,"showMaterialUpdate":false,"showSkybox":true,"showFlares":true,"showImageEffects":true,"showParticleSystems":true},"in2DMode":false,"pivot":{"x":-7.068359375,"y":4.046900272369385,"z":-9.888837814331055},"rotation":{"x":-0.03513360768556595,"y":-0.25356525182724,"z":0.009213399142026902,"w":-0.9666361808776856},"size":7.345047473907471,"orthographic":false}