{"cameraMode":{"drawMode":0,"name":"Shaded","section":"Shading Mode"},"sceneLighting":false,"audioPlay":false,"sceneViewState":{"showFog":true,"showMaterialUpdate":false,"showSkybox":false,"showFlares":true,"showImageEffects":true,"showParticleSystems":true},"in2DMode":false,"pivot":{"x":15.598773956298829,"y":0.0307772159576416,"z":-4.069357872009277},"rotation":{"x":-0.00022156884369906038,"y":-0.9838403463363648,"z":0.17904366552829743,"w":-0.001229032059200108},"size":6.293715953826904,"orthographic":false}