{"cameraMode":{"drawMode":0,"name":"Shaded","section":"Shading Mode"},"sceneLighting":false,"audioPlay":false,"sceneViewState":{"showFog":true,"showMaterialUpdate":false,"showSkybox":false,"showFlares":true,"showImageEffects":true,"showParticleSystems":true},"in2DMode":false,"pivot":{"x":0.04040110111236572,"y":3.133408308029175,"z":0.07299995422363281},"rotation":{"x":0.241904154419899,"y":0.037249088287353519,"z":-0.009294849820435048,"w":0.9695403575897217},"size":11.96342945098877,"orthographic":false}