{"cameraMode":{"drawMode":0,"name":"Shaded","section":"Shading Mode"},"sceneLighting":true,"audioPlay":false,"sceneViewState":{"showFog":true,"showMaterialUpdate":false,"showSkybox":true,"showFlares":true,"showImageEffects":true,"showParticleSystems":true},"in2DMode":false,"pivot":{"x":14.413080215454102,"y":1.763765811920166,"z":0.2501978874206543},"rotation":{"x":0.09773547202348709,"y":0.8793461918830872,"z":-0.20545607805252076,"w":0.4183131456375122},"size":6.553733825683594,"orthographic":false}