{"cameraMode":{"drawMode":0,"name":"Shaded","section":"Shading Mode"},"sceneLighting":false,"audioPlay":false,"sceneViewState":{"showFog":true,"showMaterialUpdate":false,"showSkybox":false,"showFlares":true,"showImageEffects":true,"showParticleSystems":true},"in2DMode":false,"pivot":{"x":-1.4504404067993165,"y":-0.33898353576660159,"z":-7.90848445892334},"rotation":{"x":0.009372565895318985,"y":-0.9900137186050415,"z":0.08038051426410675,"w":0.1154298409819603},"size":15.20040512084961,"orthographic":false}