{"cameraMode":{"drawMode":0,"name":"Shaded","section":"Shading Mode"},"sceneLighting":false,"audioPlay":false,"sceneViewState":{"showFog":true,"showMaterialUpdate":false,"showSkybox":false,"showFlares":true,"showImageEffects":true,"showParticleSystems":true},"in2DMode":false,"pivot":{"x":52.39030838012695,"y":-24.601524353027345,"z":12.922281265258789},"rotation":{"x":-0.17378488183021546,"y":-0.6003639101982117,"z":0.13571985065937043,"w":-0.7687276601791382},"size":67.51287841796875,"orthographic":false}