{"cameraMode":{"drawMode":0,"name":"Shaded","section":"Shading Mode"},"sceneLighting":false,"audioPlay":false,"sceneViewState":{"showFog":true,"showMaterialUpdate":false,"showSkybox":false,"showFlares":true,"showImageEffects":true,"showParticleSystems":true},"in2DMode":false,"pivot":{"x":-18.118806838989259,"y":0.75,"z":-12.092082977294922},"rotation":{"x":0.21560832858085633,"y":0.04040995240211487,"z":-0.008931954391300679,"w":0.9756025671958923},"size":5.670938491821289,"orthographic":false}